,seed,alpha,step,success
0,6890,117.6300704169779,20000,0.36
1,6890,117.6300704169779,40000,0.72
2,6890,117.6300704169779,60000,0.74
3,6890,117.6300704169779,80000,0.78
4,6890,117.6300704169779,100000,0.58
5,6890,117.6300704169779,120000,0.66
6,6890,117.6300704169779,140000,0.86
7,6890,117.6300704169779,160000,0.88
8,6890,117.6300704169779,180000,0.8
9,6890,117.6300704169779,200000,0.94
10,6890,117.6300704169779,220000,0.96
11,6890,117.6300704169779,240000,0.9
12,6890,117.6300704169779,260000,0.96
13,6890,117.6300704169779,280000,0.82
14,6890,117.6300704169779,300000,1.0
15,6890,117.6300704169779,320000,0.86
16,6890,117.6300704169779,340000,0.98
17,6890,117.6300704169779,360000,0.92
18,6890,117.6300704169779,380000,0.98
19,6890,117.6300704169779,400000,0.88
20,6890,117.6300704169779,420000,0.92
21,6890,117.6300704169779,440000,0.94
22,6890,117.6300704169779,460000,0.96
23,6890,117.6300704169779,480000,0.96
24,6890,117.6300704169779,500000,0.96
25,6890,117.6300704169779,520000,1.0
26,6890,117.6300704169779,540000,0.96
27,6890,117.6300704169779,560000,0.94
28,6890,117.6300704169779,580000,0.9
29,6890,117.6300704169779,600000,0.92
30,6890,117.6300704169779,620000,0.92
31,6890,117.6300704169779,640000,0.9
32,6890,117.6300704169779,660000,0.94
33,6890,117.6300704169779,680000,1.0
34,6890,117.6300704169779,700000,0.94
35,6890,117.6300704169779,720000,0.96
36,6890,117.6300704169779,740000,0.96
37,6890,117.6300704169779,760000,0.92
38,6890,117.6300704169779,780000,0.98
39,6890,117.6300704169779,800000,0.96
40,6890,117.6300704169779,820000,0.9
41,6890,117.6300704169779,840000,0.94
42,6890,117.6300704169779,860000,0.94
43,6890,117.6300704169779,880000,0.84
44,6890,117.6300704169779,900000,0.88
45,6890,117.6300704169779,920000,0.98
46,6890,117.6300704169779,940000,0.92
47,6890,117.6300704169779,960000,0.98
48,6890,117.6300704169779,980000,0.9
49,6890,117.6300704169779,1000000,1.0
50,6311,5.529520066356138,20000,0.0
51,6311,5.529520066356138,40000,0.0
52,6311,5.529520066356138,60000,0.0
53,6311,5.529520066356138,80000,0.0
54,6311,5.529520066356138,100000,0.0
55,6311,5.529520066356138,120000,0.0
56,6311,5.529520066356138,140000,0.0
57,6311,5.529520066356138,160000,0.0
58,6311,5.529520066356138,180000,0.0
59,6311,5.529520066356138,200000,0.0
60,6311,5.529520066356138,220000,0.0
61,6311,5.529520066356138,240000,0.0
62,6311,5.529520066356138,260000,0.0
63,6311,5.529520066356138,280000,0.0
64,6311,5.529520066356138,300000,0.0
65,6311,5.529520066356138,320000,0.0
66,6311,5.529520066356138,340000,0.0
67,6311,5.529520066356138,360000,0.0
68,6311,5.529520066356138,380000,0.0
69,6311,5.529520066356138,400000,0.0
70,6311,5.529520066356138,420000,0.0
71,6311,5.529520066356138,440000,0.0
72,6311,5.529520066356138,460000,0.0
73,6311,5.529520066356138,480000,0.0
74,6311,5.529520066356138,500000,0.0
75,6311,5.529520066356138,520000,0.0
76,6311,5.529520066356138,540000,0.0
77,6311,5.529520066356138,560000,0.0
78,6311,5.529520066356138,580000,0.0
79,6311,5.529520066356138,600000,0.0
80,6311,5.529520066356138,620000,0.0
81,6311,5.529520066356138,640000,0.0
82,6311,5.529520066356138,660000,0.0
83,6311,5.529520066356138,680000,0.0
84,6311,5.529520066356138,700000,0.0
85,6311,5.529520066356138,720000,0.0
86,6311,5.529520066356138,740000,0.0
87,6311,5.529520066356138,760000,0.0
88,6311,5.529520066356138,780000,0.0
89,6311,5.529520066356138,800000,0.0
90,6311,5.529520066356138,820000,0.0
91,6311,5.529520066356138,840000,0.0
92,6311,5.529520066356138,860000,0.0
93,6311,5.529520066356138,880000,0.0
94,6311,5.529520066356138,900000,0.0
95,6311,5.529520066356138,920000,0.0
96,6311,5.529520066356138,940000,0.0
97,6311,5.529520066356138,960000,0.0
98,6311,5.529520066356138,980000,0.0
99,6311,5.529520066356138,1000000,0.0
100,6311,117.6300704169779,20000,0.3
101,6311,117.6300704169779,40000,0.64
102,6311,117.6300704169779,60000,0.8
103,6311,117.6300704169779,80000,0.74
104,6311,117.6300704169779,100000,0.78
105,6311,117.6300704169779,120000,0.64
106,6311,117.6300704169779,140000,0.9
107,6311,117.6300704169779,160000,0.84
108,6311,117.6300704169779,180000,0.78
109,6311,117.6300704169779,200000,0.88
110,6311,117.6300704169779,220000,0.9
111,6311,117.6300704169779,240000,0.92
112,6311,117.6300704169779,260000,0.92
113,6311,117.6300704169779,280000,0.92
114,6311,117.6300704169779,300000,0.96
115,6311,117.6300704169779,320000,0.98
116,6311,117.6300704169779,340000,0.84
117,6311,117.6300704169779,360000,0.96
118,6311,117.6300704169779,380000,0.94
119,6311,117.6300704169779,400000,0.82
120,6311,117.6300704169779,420000,0.86
121,6311,117.6300704169779,440000,0.94
122,6311,117.6300704169779,460000,0.92
123,6311,117.6300704169779,480000,0.96
124,6311,117.6300704169779,500000,1.0
125,6311,117.6300704169779,520000,0.96
126,6311,117.6300704169779,540000,0.92
127,6311,117.6300704169779,560000,0.98
128,6311,117.6300704169779,580000,0.96
129,6311,117.6300704169779,600000,0.88
130,6311,117.6300704169779,620000,1.0
131,6311,117.6300704169779,640000,0.98
132,6311,117.6300704169779,660000,0.88
133,6311,117.6300704169779,680000,0.98
134,6311,117.6300704169779,700000,1.0
135,6311,117.6300704169779,720000,0.96
136,6311,117.6300704169779,740000,0.98
137,6311,117.6300704169779,760000,0.88
138,6311,117.6300704169779,780000,0.9
139,6311,117.6300704169779,800000,0.96
140,6311,117.6300704169779,820000,0.94
141,6311,117.6300704169779,840000,0.98
142,6311,117.6300704169779,860000,0.94
143,6311,117.6300704169779,880000,0.94
144,6311,117.6300704169779,900000,0.88
145,6311,117.6300704169779,920000,0.82
146,6311,117.6300704169779,940000,1.0
147,6311,117.6300704169779,960000,0.96
148,6311,117.6300704169779,980000,0.92
149,6311,117.6300704169779,1000000,0.94
150,6890,18.785372268095553,20000,0.0
151,6890,18.785372268095553,40000,0.0
152,6890,18.785372268095553,60000,0.0
153,6890,18.785372268095553,80000,0.0
154,6890,18.785372268095553,100000,0.0
155,6890,18.785372268095553,120000,0.0
156,6890,18.785372268095553,140000,0.0
157,6890,18.785372268095553,160000,0.0
158,6890,18.785372268095553,180000,0.0
159,6890,18.785372268095553,200000,0.0
160,6890,18.785372268095553,220000,0.0
161,6890,18.785372268095553,240000,0.0
162,6890,18.785372268095553,260000,0.02
163,6890,18.785372268095553,280000,0.04
164,6890,18.785372268095553,300000,0.0
165,6890,18.785372268095553,320000,0.0
166,6890,18.785372268095553,340000,0.02
167,6890,18.785372268095553,360000,0.06
168,6890,18.785372268095553,380000,0.02
169,6890,18.785372268095553,400000,0.06
170,6890,18.785372268095553,420000,0.12
171,6890,18.785372268095553,440000,0.18
172,6890,18.785372268095553,460000,0.12
173,6890,18.785372268095553,480000,0.06
174,6890,18.785372268095553,500000,0.24
175,6890,18.785372268095553,520000,0.16
176,6890,18.785372268095553,540000,0.26
177,6890,18.785372268095553,560000,0.18
178,6890,18.785372268095553,580000,0.22
179,6890,18.785372268095553,600000,0.24
180,6890,18.785372268095553,620000,0.28
181,6890,18.785372268095553,640000,0.34
182,6890,18.785372268095553,660000,0.46
183,6890,18.785372268095553,680000,0.38
184,6890,18.785372268095553,700000,0.3
185,6890,18.785372268095553,720000,0.36
186,6890,18.785372268095553,740000,0.38
187,6890,18.785372268095553,760000,0.42
188,6890,18.785372268095553,780000,0.56
189,6890,18.785372268095553,800000,0.4
190,6890,18.785372268095553,820000,0.4
191,6890,18.785372268095553,840000,0.44
192,6890,18.785372268095553,860000,0.32
193,6890,18.785372268095553,880000,0.54
194,6890,18.785372268095553,900000,0.44
195,6890,18.785372268095553,920000,0.46
196,6890,18.785372268095553,940000,0.48
197,6890,18.785372268095553,960000,0.46
198,6890,18.785372268095553,980000,0.48
199,6890,18.785372268095553,1000000,0.62
200,6890,1000.0,20000,0.04
201,6890,1000.0,40000,0.8
202,6890,1000.0,60000,0.9
203,6890,1000.0,80000,0.78
204,6890,1000.0,100000,0.94
205,6890,1000.0,120000,0.76
206,6890,1000.0,140000,0.76
207,6890,1000.0,160000,0.94
208,6890,1000.0,180000,0.74
209,6890,1000.0,200000,0.96
210,6890,1000.0,220000,0.7
211,6890,1000.0,240000,0.92
212,6890,1000.0,260000,0.78
213,6890,1000.0,280000,0.94
214,6890,1000.0,300000,0.9
215,6890,1000.0,320000,0.96
216,6890,1000.0,340000,0.84
217,6890,1000.0,360000,0.96
218,6890,1000.0,380000,1.0
219,6890,1000.0,400000,0.94
220,6890,1000.0,420000,1.0
221,6890,1000.0,440000,0.96
222,6890,1000.0,460000,0.7
223,6890,1000.0,480000,0.94
224,6890,1000.0,500000,0.7
225,6890,1000.0,520000,0.88
226,6890,1000.0,540000,0.98
227,6890,1000.0,560000,0.96
228,6890,1000.0,580000,0.96
229,6890,1000.0,600000,0.98
230,6890,1000.0,620000,0.98
231,6890,1000.0,640000,1.0
232,6890,1000.0,660000,0.96
233,6890,1000.0,680000,0.94
234,6890,1000.0,700000,0.9
235,6890,1000.0,720000,0.84
236,6890,1000.0,740000,0.98
237,6890,1000.0,760000,0.96
238,6890,1000.0,780000,0.94
239,6890,1000.0,800000,0.96
240,6890,1000.0,820000,0.98
241,6890,1000.0,840000,1.0
242,6890,1000.0,860000,0.98
243,6890,1000.0,880000,0.78
244,6890,1000.0,900000,1.0
245,6890,1000.0,920000,1.0
246,6890,1000.0,940000,0.98
247,6890,1000.0,960000,0.9
248,6890,1000.0,980000,1.0
249,6890,1000.0,1000000,0.96
250,6311,13.836833466303187,20000,0.0
251,6311,13.836833466303187,40000,0.0
252,6311,13.836833466303187,60000,0.0
253,6311,13.836833466303187,80000,0.0
254,6311,13.836833466303187,100000,0.0
255,6311,13.836833466303187,120000,0.0
256,6311,13.836833466303187,140000,0.0
257,6311,13.836833466303187,160000,0.0
258,6311,13.836833466303187,180000,0.0
259,6311,13.836833466303187,200000,0.0
260,6311,13.836833466303187,220000,0.0
261,6311,13.836833466303187,240000,0.0
262,6311,13.836833466303187,260000,0.0
263,6311,13.836833466303187,280000,0.0
264,6311,13.836833466303187,300000,0.0
265,6311,13.836833466303187,320000,0.0
266,6311,13.836833466303187,340000,0.0
267,6311,13.836833466303187,360000,0.0
268,6311,13.836833466303187,380000,0.0
269,6311,13.836833466303187,400000,0.0
270,6311,13.836833466303187,420000,0.0
271,6311,13.836833466303187,440000,0.0
272,6311,13.836833466303187,460000,0.0
273,6311,13.836833466303187,480000,0.0
274,6311,13.836833466303187,500000,0.0
275,6311,13.836833466303187,520000,0.04
276,6311,13.836833466303187,540000,0.22
277,6311,13.836833466303187,560000,0.26
278,6311,13.836833466303187,580000,0.3
279,6311,13.836833466303187,600000,0.04
280,6311,13.836833466303187,620000,0.16
281,6311,13.836833466303187,640000,0.06
282,6311,13.836833466303187,660000,0.08
283,6311,13.836833466303187,680000,0.12
284,6311,13.836833466303187,700000,0.08
285,6311,13.836833466303187,720000,0.28
286,6311,13.836833466303187,740000,0.18
287,6311,13.836833466303187,760000,0.16
288,6311,13.836833466303187,780000,0.34
289,6311,13.836833466303187,800000,0.06
290,6311,13.836833466303187,820000,0.14
291,6311,13.836833466303187,840000,0.14
292,6311,13.836833466303187,860000,0.22
293,6311,13.836833466303187,880000,0.0
294,6311,13.836833466303187,900000,0.22
295,6311,13.836833466303187,920000,0.18
296,6311,13.836833466303187,940000,0.24
297,6311,13.836833466303187,960000,0.24
298,6311,13.836833466303187,980000,0.2
299,6311,13.836833466303187,1000000,0.28
300,6311,399.6232288133094,20000,0.54
301,6311,399.6232288133094,40000,0.9
302,6311,399.6232288133094,60000,0.9
303,6311,399.6232288133094,80000,0.94
304,6311,399.6232288133094,100000,0.9
305,6311,399.6232288133094,120000,0.76
306,6311,399.6232288133094,140000,0.96
307,6311,399.6232288133094,160000,0.96
308,6311,399.6232288133094,180000,0.92
309,6311,399.6232288133094,200000,1.0
310,6311,399.6232288133094,220000,0.94
311,6311,399.6232288133094,240000,0.92
312,6311,399.6232288133094,260000,0.9
313,6311,399.6232288133094,280000,0.88
314,6311,399.6232288133094,300000,1.0
315,6311,399.6232288133094,320000,0.96
316,6311,399.6232288133094,340000,0.92
317,6311,399.6232288133094,360000,1.0
318,6311,399.6232288133094,380000,0.98
319,6311,399.6232288133094,400000,0.84
320,6311,399.6232288133094,420000,0.98
321,6311,399.6232288133094,440000,0.98
322,6311,399.6232288133094,460000,0.88
323,6311,399.6232288133094,480000,1.0
324,6311,399.6232288133094,500000,1.0
325,6311,399.6232288133094,520000,0.98
326,6311,399.6232288133094,540000,1.0
327,6311,399.6232288133094,560000,0.98
328,6311,399.6232288133094,580000,0.94
329,6311,399.6232288133094,600000,0.94
330,6311,399.6232288133094,620000,0.98
331,6311,399.6232288133094,640000,1.0
332,6311,399.6232288133094,660000,0.9
333,6311,399.6232288133094,680000,1.0
334,6311,399.6232288133094,700000,0.96
335,6311,399.6232288133094,720000,1.0
336,6311,399.6232288133094,740000,0.98
337,6311,399.6232288133094,760000,1.0
338,6311,399.6232288133094,780000,0.92
339,6311,399.6232288133094,800000,1.0
340,6311,399.6232288133094,820000,1.0
341,6311,399.6232288133094,840000,0.98
342,6311,399.6232288133094,860000,1.0
343,6311,399.6232288133094,880000,0.94
344,6311,399.6232288133094,900000,1.0
345,6311,399.6232288133094,920000,0.98
346,6311,399.6232288133094,940000,1.0
347,6311,399.6232288133094,960000,0.98
348,6311,399.6232288133094,980000,0.96
349,6311,399.6232288133094,1000000,0.96
350,6890,7.5070711202363505,20000,0.0
351,6890,7.5070711202363505,40000,0.0
352,6890,7.5070711202363505,60000,0.0
353,6890,7.5070711202363505,80000,0.0
354,6890,7.5070711202363505,100000,0.0
355,6890,7.5070711202363505,120000,0.0
356,6890,7.5070711202363505,140000,0.0
357,6890,7.5070711202363505,160000,0.0
358,6890,7.5070711202363505,180000,0.0
359,6890,7.5070711202363505,200000,0.0
360,6890,7.5070711202363505,220000,0.0
361,6890,7.5070711202363505,240000,0.0
362,6890,7.5070711202363505,260000,0.0
363,6890,7.5070711202363505,280000,0.0
364,6890,7.5070711202363505,300000,0.0
365,6890,7.5070711202363505,320000,0.0
366,6890,7.5070711202363505,340000,0.0
367,6890,7.5070711202363505,360000,0.0
368,6890,7.5070711202363505,380000,0.0
369,6890,7.5070711202363505,400000,0.0
370,6890,7.5070711202363505,420000,0.0
371,6890,7.5070711202363505,440000,0.0
372,6890,7.5070711202363505,460000,0.0
373,6890,7.5070711202363505,480000,0.0
374,6890,7.5070711202363505,500000,0.0
375,6890,7.5070711202363505,520000,0.0
376,6890,7.5070711202363505,540000,0.0
377,6890,7.5070711202363505,560000,0.0
378,6890,7.5070711202363505,580000,0.0
379,6890,7.5070711202363505,600000,0.0
380,6890,7.5070711202363505,620000,0.0
381,6890,7.5070711202363505,640000,0.0
382,6890,7.5070711202363505,660000,0.0
383,6890,7.5070711202363505,680000,0.0
384,6890,7.5070711202363505,700000,0.0
385,6890,7.5070711202363505,720000,0.0
386,6890,7.5070711202363505,740000,0.0
387,6890,7.5070711202363505,760000,0.0
388,6890,7.5070711202363505,780000,0.0
389,6890,7.5070711202363505,800000,0.0
390,6890,7.5070711202363505,820000,0.0
391,6890,7.5070711202363505,840000,0.0
392,6890,7.5070711202363505,860000,0.0
393,6890,7.5070711202363505,880000,0.0
394,6890,7.5070711202363505,900000,0.0
395,6890,7.5070711202363505,920000,0.0
396,6890,7.5070711202363505,940000,0.0
397,6890,7.5070711202363505,960000,0.0
398,6890,7.5070711202363505,980000,0.0
399,6890,7.5070711202363505,1000000,0.0
400,6311,18.785372268095553,20000,0.0
401,6311,18.785372268095553,40000,0.0
402,6311,18.785372268095553,60000,0.0
403,6311,18.785372268095553,80000,0.06
404,6311,18.785372268095553,100000,0.0
405,6311,18.785372268095553,120000,0.0
406,6311,18.785372268095553,140000,0.0
407,6311,18.785372268095553,160000,0.0
408,6311,18.785372268095553,180000,0.0
409,6311,18.785372268095553,200000,0.0
410,6311,18.785372268095553,220000,0.0
411,6311,18.785372268095553,240000,0.02
412,6311,18.785372268095553,260000,0.0
413,6311,18.785372268095553,280000,0.04
414,6311,18.785372268095553,300000,0.12
415,6311,18.785372268095553,320000,0.0
416,6311,18.785372268095553,340000,0.02
417,6311,18.785372268095553,360000,0.04
418,6311,18.785372268095553,380000,0.12
419,6311,18.785372268095553,400000,0.12
420,6311,18.785372268095553,420000,0.26
421,6311,18.785372268095553,440000,0.4
422,6311,18.785372268095553,460000,0.18
423,6311,18.785372268095553,480000,0.36
424,6311,18.785372268095553,500000,0.36
425,6311,18.785372268095553,520000,0.32
426,6311,18.785372268095553,540000,0.42
427,6311,18.785372268095553,560000,0.48
428,6311,18.785372268095553,580000,0.44
429,6311,18.785372268095553,600000,0.26
430,6311,18.785372268095553,620000,0.34
431,6311,18.785372268095553,640000,0.34
432,6311,18.785372268095553,660000,0.44
433,6311,18.785372268095553,680000,0.54
434,6311,18.785372268095553,700000,0.34
435,6311,18.785372268095553,720000,0.46
436,6311,18.785372268095553,740000,0.38
437,6311,18.785372268095553,760000,0.42
438,6311,18.785372268095553,780000,0.44
439,6311,18.785372268095553,800000,0.48
440,6311,18.785372268095553,820000,0.5
441,6311,18.785372268095553,840000,0.56
442,6311,18.785372268095553,860000,0.52
443,6311,18.785372268095553,880000,0.42
444,6311,18.785372268095553,900000,0.46
445,6311,18.785372268095553,920000,0.42
446,6311,18.785372268095553,940000,0.44
447,6311,18.785372268095553,960000,0.5
448,6311,18.785372268095553,980000,0.58
449,6311,18.785372268095553,1000000,0.48
450,6890,13.836833466303187,20000,0.0
451,6890,13.836833466303187,40000,0.0
452,6890,13.836833466303187,60000,0.0
453,6890,13.836833466303187,80000,0.0
454,6890,13.836833466303187,100000,0.0
455,6890,13.836833466303187,120000,0.0
456,6890,13.836833466303187,140000,0.0
457,6890,13.836833466303187,160000,0.0
458,6890,13.836833466303187,180000,0.0
459,6890,13.836833466303187,200000,0.0
460,6890,13.836833466303187,220000,0.0
461,6890,13.836833466303187,240000,0.04
462,6890,13.836833466303187,260000,0.0
463,6890,13.836833466303187,280000,0.0
464,6890,13.836833466303187,300000,0.0
465,6890,13.836833466303187,320000,0.0
466,6890,13.836833466303187,340000,0.0
467,6890,13.836833466303187,360000,0.02
468,6890,13.836833466303187,380000,0.0
469,6890,13.836833466303187,400000,0.02
470,6890,13.836833466303187,420000,0.0
471,6890,13.836833466303187,440000,0.0
472,6890,13.836833466303187,460000,0.02
473,6890,13.836833466303187,480000,0.06
474,6890,13.836833466303187,500000,0.14
475,6890,13.836833466303187,520000,0.12
476,6890,13.836833466303187,540000,0.06
477,6890,13.836833466303187,560000,0.18
478,6890,13.836833466303187,580000,0.16
479,6890,13.836833466303187,600000,0.1
480,6890,13.836833466303187,620000,0.22
481,6890,13.836833466303187,640000,0.26
482,6890,13.836833466303187,660000,0.12
483,6890,13.836833466303187,680000,0.0
484,6890,13.836833466303187,700000,0.08
485,6890,13.836833466303187,720000,0.08
486,6890,13.836833466303187,740000,0.02
487,6890,13.836833466303187,760000,0.16
488,6890,13.836833466303187,780000,0.28
489,6890,13.836833466303187,800000,0.08
490,6890,13.836833466303187,820000,0.32
491,6890,13.836833466303187,840000,0.46
492,6890,13.836833466303187,860000,0.32
493,6890,13.836833466303187,880000,0.5
494,6890,13.836833466303187,900000,0.34
495,6890,13.836833466303187,920000,0.34
496,6890,13.836833466303187,940000,0.28
497,6890,13.836833466303187,960000,0.4
498,6890,13.836833466303187,980000,0.44
499,6890,13.836833466303187,1000000,0.42
500,6890,10.191864054745066,20000,0.0
501,6890,10.191864054745066,40000,0.0
502,6890,10.191864054745066,60000,0.0
503,6890,10.191864054745066,80000,0.0
504,6890,10.191864054745066,100000,0.0
505,6890,10.191864054745066,120000,0.0
506,6890,10.191864054745066,140000,0.0
507,6890,10.191864054745066,160000,0.0
508,6890,10.191864054745066,180000,0.0
509,6890,10.191864054745066,200000,0.0
510,6890,10.191864054745066,220000,0.0
511,6890,10.191864054745066,240000,0.0
512,6890,10.191864054745066,260000,0.0
513,6890,10.191864054745066,280000,0.0
514,6890,10.191864054745066,300000,0.0
515,6890,10.191864054745066,320000,0.0
516,6890,10.191864054745066,340000,0.0
517,6890,10.191864054745066,360000,0.0
518,6890,10.191864054745066,380000,0.0
519,6890,10.191864054745066,400000,0.0
520,6890,10.191864054745066,420000,0.0
521,6890,10.191864054745066,440000,0.0
522,6890,10.191864054745066,460000,0.02
523,6890,10.191864054745066,480000,0.0
524,6890,10.191864054745066,500000,0.02
525,6890,10.191864054745066,520000,0.08
526,6890,10.191864054745066,540000,0.12
527,6890,10.191864054745066,560000,0.0
528,6890,10.191864054745066,580000,0.12
529,6890,10.191864054745066,600000,0.08
530,6890,10.191864054745066,620000,0.16
531,6890,10.191864054745066,640000,0.14
532,6890,10.191864054745066,660000,0.14
533,6890,10.191864054745066,680000,0.28
534,6890,10.191864054745066,700000,0.1
535,6890,10.191864054745066,720000,0.06
536,6890,10.191864054745066,740000,0.1
537,6890,10.191864054745066,760000,0.1
538,6890,10.191864054745066,780000,0.24
539,6890,10.191864054745066,800000,0.12
540,6890,10.191864054745066,820000,0.18
541,6890,10.191864054745066,840000,0.1
542,6890,10.191864054745066,860000,0.02
543,6890,10.191864054745066,880000,0.0
544,6890,10.191864054745066,900000,0.02
545,6890,10.191864054745066,920000,0.02
546,6890,10.191864054745066,940000,0.0
547,6890,10.191864054745066,960000,0.04
548,6890,10.191864054745066,980000,0.26
549,6890,10.191864054745066,1000000,0.16
550,6890,159.69872500717466,20000,0.5
551,6890,159.69872500717466,40000,0.88
552,6890,159.69872500717466,60000,0.94
553,6890,159.69872500717466,80000,0.8
554,6890,159.69872500717466,100000,0.7
555,6890,159.69872500717466,120000,0.84
556,6890,159.69872500717466,140000,0.9
557,6890,159.69872500717466,160000,0.92
558,6890,159.69872500717466,180000,0.98
559,6890,159.69872500717466,200000,0.94
560,6890,159.69872500717466,220000,0.96
561,6890,159.69872500717466,240000,0.94
562,6890,159.69872500717466,260000,0.96
563,6890,159.69872500717466,280000,0.94
564,6890,159.69872500717466,300000,0.98
565,6890,159.69872500717466,320000,0.94
566,6890,159.69872500717466,340000,0.98
567,6890,159.69872500717466,360000,0.98
568,6890,159.69872500717466,380000,0.98
569,6890,159.69872500717466,400000,0.94
570,6890,159.69872500717466,420000,1.0
571,6890,159.69872500717466,440000,0.98
572,6890,159.69872500717466,460000,0.94
573,6890,159.69872500717466,480000,1.0
574,6890,159.69872500717466,500000,0.92
575,6890,159.69872500717466,520000,0.98
576,6890,159.69872500717466,540000,0.94
577,6890,159.69872500717466,560000,1.0
578,6890,159.69872500717466,580000,1.0
579,6890,159.69872500717466,600000,0.86
580,6890,159.69872500717466,620000,1.0
581,6890,159.69872500717466,640000,0.94
582,6890,159.69872500717466,660000,0.98
583,6890,159.69872500717466,680000,0.98
584,6890,159.69872500717466,700000,0.94
585,6890,159.69872500717466,720000,0.98
586,6890,159.69872500717466,740000,0.98
587,6890,159.69872500717466,760000,1.0
588,6890,159.69872500717466,780000,1.0
589,6890,159.69872500717466,800000,1.0
590,6890,159.69872500717466,820000,0.96
591,6890,159.69872500717466,840000,1.0
592,6890,159.69872500717466,860000,0.96
593,6890,159.69872500717466,880000,0.98
594,6890,159.69872500717466,900000,0.96
595,6890,159.69872500717466,920000,0.98
596,6890,159.69872500717466,940000,0.98
597,6890,159.69872500717466,960000,1.0
598,6890,159.69872500717466,980000,1.0
599,6890,159.69872500717466,1000000,1.0
600,6311,3.0,20000,0.0
601,6311,3.0,40000,0.0
602,6311,3.0,60000,0.0
603,6311,3.0,80000,0.0
604,6311,3.0,100000,0.0
605,6311,3.0,120000,0.0
606,6311,3.0,140000,0.0
607,6311,3.0,160000,0.0
608,6311,3.0,180000,0.0
609,6311,3.0,200000,0.0
610,6311,3.0,220000,0.0
611,6311,3.0,240000,0.0
612,6311,3.0,260000,0.0
613,6311,3.0,280000,0.0
614,6311,3.0,300000,0.0
615,6311,3.0,320000,0.0
616,6311,3.0,340000,0.0
617,6311,3.0,360000,0.0
618,6311,3.0,380000,0.0
619,6311,3.0,400000,0.0
620,6311,3.0,420000,0.0
621,6311,3.0,440000,0.0
622,6311,3.0,460000,0.0
623,6311,3.0,480000,0.0
624,6311,3.0,500000,0.0
625,6311,3.0,520000,0.0
626,6311,3.0,540000,0.0
627,6311,3.0,560000,0.0
628,6311,3.0,580000,0.0
629,6311,3.0,600000,0.0
630,6311,3.0,620000,0.0
631,6311,3.0,640000,0.0
632,6311,3.0,660000,0.0
633,6311,3.0,680000,0.0
634,6311,3.0,700000,0.0
635,6311,3.0,720000,0.0
636,6311,3.0,740000,0.0
637,6311,3.0,760000,0.0
638,6311,3.0,780000,0.0
639,6311,3.0,800000,0.0
640,6311,3.0,820000,0.0
641,6311,3.0,840000,0.0
642,6311,3.0,860000,0.0
643,6311,3.0,880000,0.0
644,6311,3.0,900000,0.0
645,6311,3.0,920000,0.0
646,6311,3.0,940000,0.0
647,6311,3.0,960000,0.0
648,6311,3.0,980000,0.0
649,6311,3.0,1000000,0.0
650,6311,47.007708545569656,20000,0.24
651,6311,47.007708545569656,40000,0.16
652,6311,47.007708545569656,60000,0.28
653,6311,47.007708545569656,80000,0.5
654,6311,47.007708545569656,100000,0.42
655,6311,47.007708545569656,120000,0.52
656,6311,47.007708545569656,140000,0.46
657,6311,47.007708545569656,160000,0.34
658,6311,47.007708545569656,180000,0.32
659,6311,47.007708545569656,200000,0.44
660,6311,47.007708545569656,220000,0.16
661,6311,47.007708545569656,240000,0.44
662,6311,47.007708545569656,260000,0.52
663,6311,47.007708545569656,280000,0.5
664,6311,47.007708545569656,300000,0.64
665,6311,47.007708545569656,320000,0.44
666,6311,47.007708545569656,340000,0.56
667,6311,47.007708545569656,360000,0.6
668,6311,47.007708545569656,380000,0.42
669,6311,47.007708545569656,400000,0.46
670,6311,47.007708545569656,420000,0.44
671,6311,47.007708545569656,440000,0.7
672,6311,47.007708545569656,460000,0.68
673,6311,47.007708545569656,480000,0.64
674,6311,47.007708545569656,500000,0.6
675,6311,47.007708545569656,520000,0.54
676,6311,47.007708545569656,540000,0.7
677,6311,47.007708545569656,560000,0.96
678,6311,47.007708545569656,580000,0.84
679,6311,47.007708545569656,600000,0.52
680,6311,47.007708545569656,620000,0.76
681,6311,47.007708545569656,640000,0.62
682,6311,47.007708545569656,660000,0.82
683,6311,47.007708545569656,680000,0.84
684,6311,47.007708545569656,700000,0.78
685,6311,47.007708545569656,720000,0.82
686,6311,47.007708545569656,740000,0.6
687,6311,47.007708545569656,760000,0.66
688,6311,47.007708545569656,780000,0.7
689,6311,47.007708545569656,800000,0.72
690,6311,47.007708545569656,820000,0.86
691,6311,47.007708545569656,840000,0.78
692,6311,47.007708545569656,860000,0.78
693,6311,47.007708545569656,880000,0.84
694,6311,47.007708545569656,900000,0.78
695,6311,47.007708545569656,920000,0.62
696,6311,47.007708545569656,940000,0.82
697,6311,47.007708545569656,960000,0.92
698,6311,47.007708545569656,980000,0.84
699,6311,47.007708545569656,1000000,0.84
700,6311,294.35243483288787,20000,0.52
701,6311,294.35243483288787,40000,0.82
702,6311,294.35243483288787,60000,0.88
703,6311,294.35243483288787,80000,0.9
704,6311,294.35243483288787,100000,0.88
705,6311,294.35243483288787,120000,0.9
706,6311,294.35243483288787,140000,0.96
707,6311,294.35243483288787,160000,0.94
708,6311,294.35243483288787,180000,1.0
709,6311,294.35243483288787,200000,0.98
710,6311,294.35243483288787,220000,1.0
711,6311,294.35243483288787,240000,0.98
712,6311,294.35243483288787,260000,0.98
713,6311,294.35243483288787,280000,0.96
714,6311,294.35243483288787,300000,0.98
715,6311,294.35243483288787,320000,1.0
716,6311,294.35243483288787,340000,0.98
717,6311,294.35243483288787,360000,1.0
718,6311,294.35243483288787,380000,1.0
719,6311,294.35243483288787,400000,0.86
720,6311,294.35243483288787,420000,0.94
721,6311,294.35243483288787,440000,1.0
722,6311,294.35243483288787,460000,0.98
723,6311,294.35243483288787,480000,0.94
724,6311,294.35243483288787,500000,1.0
725,6311,294.35243483288787,520000,1.0
726,6311,294.35243483288787,540000,1.0
727,6311,294.35243483288787,560000,0.94
728,6311,294.35243483288787,580000,0.98
729,6311,294.35243483288787,600000,0.96
730,6311,294.35243483288787,620000,1.0
731,6311,294.35243483288787,640000,0.96
732,6311,294.35243483288787,660000,1.0
733,6311,294.35243483288787,680000,1.0
734,6311,294.35243483288787,700000,0.98
735,6311,294.35243483288787,720000,0.92
736,6311,294.35243483288787,740000,0.98
737,6311,294.35243483288787,760000,0.94
738,6311,294.35243483288787,780000,0.96
739,6311,294.35243483288787,800000,0.98
740,6311,294.35243483288787,820000,0.98
741,6311,294.35243483288787,840000,1.0
742,6311,294.35243483288787,860000,0.9
743,6311,294.35243483288787,880000,1.0
744,6311,294.35243483288787,900000,1.0
745,6311,294.35243483288787,920000,1.0
746,6311,294.35243483288787,940000,0.98
747,6311,294.35243483288787,960000,1.0
748,6311,294.35243483288787,980000,0.96
749,6311,294.35243483288787,1000000,0.98
750,6311,1000.0,20000,0.12
751,6311,1000.0,40000,0.78
752,6311,1000.0,60000,0.88
753,6311,1000.0,80000,1.0
754,6311,1000.0,100000,0.8
755,6311,1000.0,120000,0.4
756,6311,1000.0,140000,0.88
757,6311,1000.0,160000,0.96
758,6311,1000.0,180000,0.92
759,6311,1000.0,200000,0.92
760,6311,1000.0,220000,0.94
761,6311,1000.0,240000,0.74
762,6311,1000.0,260000,0.96
763,6311,1000.0,280000,0.82
764,6311,1000.0,300000,0.96
765,6311,1000.0,320000,0.94
766,6311,1000.0,340000,0.86
767,6311,1000.0,360000,0.94
768,6311,1000.0,380000,0.92
769,6311,1000.0,400000,0.7
770,6311,1000.0,420000,0.98
771,6311,1000.0,440000,0.98
772,6311,1000.0,460000,0.68
773,6311,1000.0,480000,0.88
774,6311,1000.0,500000,0.92
775,6311,1000.0,520000,0.94
776,6311,1000.0,540000,0.88
777,6311,1000.0,560000,0.88
778,6311,1000.0,580000,0.84
779,6311,1000.0,600000,0.9
780,6311,1000.0,620000,0.98
781,6311,1000.0,640000,1.0
782,6311,1000.0,660000,0.74
783,6311,1000.0,680000,0.96
784,6311,1000.0,700000,0.9
785,6311,1000.0,720000,0.9
786,6311,1000.0,740000,0.9
787,6311,1000.0,760000,0.98
788,6311,1000.0,780000,0.86
789,6311,1000.0,800000,0.96
790,6311,1000.0,820000,0.92
791,6311,1000.0,840000,0.96
792,6311,1000.0,860000,0.86
793,6311,1000.0,880000,0.84
794,6311,1000.0,900000,0.98
795,6311,1000.0,920000,1.0
796,6311,1000.0,940000,0.94
797,6311,1000.0,960000,0.9
798,6311,1000.0,980000,0.88
799,6311,1000.0,1000000,1.0
800,6311,25.503682768917216,20000,0.0
801,6311,25.503682768917216,40000,0.0
802,6311,25.503682768917216,60000,0.0
803,6311,25.503682768917216,80000,0.12
804,6311,25.503682768917216,100000,0.12
805,6311,25.503682768917216,120000,0.08
806,6311,25.503682768917216,140000,0.1
807,6311,25.503682768917216,160000,0.16
808,6311,25.503682768917216,180000,0.28
809,6311,25.503682768917216,200000,0.14
810,6311,25.503682768917216,220000,0.12
811,6311,25.503682768917216,240000,0.26
812,6311,25.503682768917216,260000,0.22
813,6311,25.503682768917216,280000,0.32
814,6311,25.503682768917216,300000,0.42
815,6311,25.503682768917216,320000,0.3
816,6311,25.503682768917216,340000,0.28
817,6311,25.503682768917216,360000,0.26
818,6311,25.503682768917216,380000,0.52
819,6311,25.503682768917216,400000,0.26
820,6311,25.503682768917216,420000,0.44
821,6311,25.503682768917216,440000,0.58
822,6311,25.503682768917216,460000,0.54
823,6311,25.503682768917216,480000,0.34
824,6311,25.503682768917216,500000,0.4
825,6311,25.503682768917216,520000,0.42
826,6311,25.503682768917216,540000,0.42
827,6311,25.503682768917216,560000,0.62
828,6311,25.503682768917216,580000,0.48
829,6311,25.503682768917216,600000,0.3
830,6311,25.503682768917216,620000,0.42
831,6311,25.503682768917216,640000,0.4
832,6311,25.503682768917216,660000,0.38
833,6311,25.503682768917216,680000,0.52
834,6311,25.503682768917216,700000,0.18
835,6311,25.503682768917216,720000,0.3
836,6311,25.503682768917216,740000,0.32
837,6311,25.503682768917216,760000,0.48
838,6311,25.503682768917216,780000,0.5
839,6311,25.503682768917216,800000,0.46
840,6311,25.503682768917216,820000,0.52
841,6311,25.503682768917216,840000,0.46
842,6311,25.503682768917216,860000,0.56
843,6311,25.503682768917216,880000,0.42
844,6311,25.503682768917216,900000,0.46
845,6311,25.503682768917216,920000,0.4
846,6311,25.503682768917216,940000,0.64
847,6311,25.503682768917216,960000,0.64
848,6311,25.503682768917216,980000,0.44
849,6311,25.503682768917216,1000000,0.6
850,6890,3.0,20000,0.0
851,6890,3.0,40000,0.0
852,6890,3.0,60000,0.0
853,6890,3.0,80000,0.0
854,6890,3.0,100000,0.0
855,6890,3.0,120000,0.0
856,6890,3.0,140000,0.0
857,6890,3.0,160000,0.0
858,6890,3.0,180000,0.0
859,6890,3.0,200000,0.0
860,6890,3.0,220000,0.0
861,6890,3.0,240000,0.0
862,6890,3.0,260000,0.0
863,6890,3.0,280000,0.0
864,6890,3.0,300000,0.0
865,6890,3.0,320000,0.0
866,6890,3.0,340000,0.0
867,6890,3.0,360000,0.0
868,6890,3.0,380000,0.0
869,6890,3.0,400000,0.0
870,6890,3.0,420000,0.0
871,6890,3.0,440000,0.0
872,6890,3.0,460000,0.0
873,6890,3.0,480000,0.0
874,6890,3.0,500000,0.0
875,6890,3.0,520000,0.0
876,6890,3.0,540000,0.0
877,6890,3.0,560000,0.0
878,6890,3.0,580000,0.0
879,6890,3.0,600000,0.0
880,6890,3.0,620000,0.0
881,6890,3.0,640000,0.0
882,6890,3.0,660000,0.0
883,6890,3.0,680000,0.0
884,6890,3.0,700000,0.0
885,6890,3.0,720000,0.0
886,6890,3.0,740000,0.0
887,6890,3.0,760000,0.0
888,6890,3.0,780000,0.0
889,6890,3.0,800000,0.0
890,6890,3.0,820000,0.0
891,6890,3.0,840000,0.0
892,6890,3.0,860000,0.0
893,6890,3.0,880000,0.0
894,6890,3.0,900000,0.0
895,6890,3.0,920000,0.0
896,6890,3.0,940000,0.0
897,6890,3.0,960000,0.0
898,6890,3.0,980000,0.0
899,6890,3.0,1000000,0.0
900,6311,63.81932012473597,20000,0.32
901,6311,63.81932012473597,40000,0.3
902,6311,63.81932012473597,60000,0.66
903,6311,63.81932012473597,80000,0.62
904,6311,63.81932012473597,100000,0.44
905,6311,63.81932012473597,120000,0.64
906,6311,63.81932012473597,140000,0.76
907,6311,63.81932012473597,160000,0.68
908,6311,63.81932012473597,180000,0.64
909,6311,63.81932012473597,200000,0.6
910,6311,63.81932012473597,220000,0.78
911,6311,63.81932012473597,240000,0.82
912,6311,63.81932012473597,260000,0.8
913,6311,63.81932012473597,280000,0.7
914,6311,63.81932012473597,300000,0.7
915,6311,63.81932012473597,320000,0.74
916,6311,63.81932012473597,340000,0.72
917,6311,63.81932012473597,360000,0.84
918,6311,63.81932012473597,380000,0.78
919,6311,63.81932012473597,400000,0.74
920,6311,63.81932012473597,420000,0.82
921,6311,63.81932012473597,440000,0.92
922,6311,63.81932012473597,460000,0.8
923,6311,63.81932012473597,480000,0.78
924,6311,63.81932012473597,500000,0.86
925,6311,63.81932012473597,520000,0.8
926,6311,63.81932012473597,540000,0.82
927,6311,63.81932012473597,560000,0.98
928,6311,63.81932012473597,580000,0.86
929,6311,63.81932012473597,600000,0.76
930,6311,63.81932012473597,620000,0.9
931,6311,63.81932012473597,640000,0.76
932,6311,63.81932012473597,660000,0.86
933,6311,63.81932012473597,680000,0.94
934,6311,63.81932012473597,700000,0.84
935,6311,63.81932012473597,720000,0.8
936,6311,63.81932012473597,740000,0.76
937,6311,63.81932012473597,760000,0.9
938,6311,63.81932012473597,780000,0.76
939,6311,63.81932012473597,800000,0.84
940,6311,63.81932012473597,820000,0.82
941,6311,63.81932012473597,840000,0.94
942,6311,63.81932012473597,860000,0.88
943,6311,63.81932012473597,880000,0.84
944,6311,63.81932012473597,900000,0.8
945,6311,63.81932012473597,920000,0.7
946,6311,63.81932012473597,940000,0.88
947,6311,63.81932012473597,960000,0.92
948,6311,63.81932012473597,980000,0.82
949,6311,63.81932012473597,1000000,0.94
950,6311,86.64335589204947,20000,0.2
951,6311,86.64335589204947,40000,0.5
952,6311,86.64335589204947,60000,0.58
953,6311,86.64335589204947,80000,0.7
954,6311,86.64335589204947,100000,0.54
955,6311,86.64335589204947,120000,0.58
956,6311,86.64335589204947,140000,0.82
957,6311,86.64335589204947,160000,0.82
958,6311,86.64335589204947,180000,0.7
959,6311,86.64335589204947,200000,0.8
960,6311,86.64335589204947,220000,0.86
961,6311,86.64335589204947,240000,0.92
962,6311,86.64335589204947,260000,0.8
963,6311,86.64335589204947,280000,0.94
964,6311,86.64335589204947,300000,0.88
965,6311,86.64335589204947,320000,0.98
966,6311,86.64335589204947,340000,0.76
967,6311,86.64335589204947,360000,0.86
968,6311,86.64335589204947,380000,0.84
969,6311,86.64335589204947,400000,0.74
970,6311,86.64335589204947,420000,0.86
971,6311,86.64335589204947,440000,0.92
972,6311,86.64335589204947,460000,0.92
973,6311,86.64335589204947,480000,0.92
974,6311,86.64335589204947,500000,0.94
975,6311,86.64335589204947,520000,0.96
976,6311,86.64335589204947,540000,0.94
977,6311,86.64335589204947,560000,1.0
978,6311,86.64335589204947,580000,0.96
979,6311,86.64335589204947,600000,0.82
980,6311,86.64335589204947,620000,1.0
981,6311,86.64335589204947,640000,0.94
982,6311,86.64335589204947,660000,0.98
983,6311,86.64335589204947,680000,0.98
984,6311,86.64335589204947,700000,0.82
985,6311,86.64335589204947,720000,0.86
986,6311,86.64335589204947,740000,0.96
987,6311,86.64335589204947,760000,0.82
988,6311,86.64335589204947,780000,0.9
989,6311,86.64335589204947,800000,0.92
990,6311,86.64335589204947,820000,0.88
991,6311,86.64335589204947,840000,0.96
992,6311,86.64335589204947,860000,0.96
993,6311,86.64335589204947,880000,0.96
994,6311,86.64335589204947,900000,0.96
995,6311,86.64335589204947,920000,0.8
996,6311,86.64335589204947,940000,1.0
997,6311,86.64335589204947,960000,0.98
998,6311,86.64335589204947,980000,0.98
999,6311,86.64335589204947,1000000,0.98
1000,6311,4.072905621183532,20000,0.0
1001,6311,4.072905621183532,40000,0.0
1002,6311,4.072905621183532,60000,0.0
1003,6311,4.072905621183532,80000,0.0
1004,6311,4.072905621183532,100000,0.0
1005,6311,4.072905621183532,120000,0.0
1006,6311,4.072905621183532,140000,0.0
1007,6311,4.072905621183532,160000,0.0
1008,6311,4.072905621183532,180000,0.0
1009,6311,4.072905621183532,200000,0.0
1010,6311,4.072905621183532,220000,0.0
1011,6311,4.072905621183532,240000,0.0
1012,6311,4.072905621183532,260000,0.0
1013,6311,4.072905621183532,280000,0.0
1014,6311,4.072905621183532,300000,0.0
1015,6311,4.072905621183532,320000,0.0
1016,6311,4.072905621183532,340000,0.0
1017,6311,4.072905621183532,360000,0.0
1018,6311,4.072905621183532,380000,0.0
1019,6311,4.072905621183532,400000,0.0
1020,6311,4.072905621183532,420000,0.0
1021,6311,4.072905621183532,440000,0.0
1022,6311,4.072905621183532,460000,0.0
1023,6311,4.072905621183532,480000,0.0
1024,6311,4.072905621183532,500000,0.0
1025,6311,4.072905621183532,520000,0.0
1026,6311,4.072905621183532,540000,0.0
1027,6311,4.072905621183532,560000,0.0
1028,6311,4.072905621183532,580000,0.0
1029,6311,4.072905621183532,600000,0.0
1030,6311,4.072905621183532,620000,0.0
1031,6311,4.072905621183532,640000,0.0
1032,6311,4.072905621183532,660000,0.0
1033,6311,4.072905621183532,680000,0.0
1034,6311,4.072905621183532,700000,0.0
1035,6311,4.072905621183532,720000,0.0
1036,6311,4.072905621183532,740000,0.0
1037,6311,4.072905621183532,760000,0.0
1038,6311,4.072905621183532,780000,0.0
1039,6311,4.072905621183532,800000,0.0
1040,6311,4.072905621183532,820000,0.0
1041,6311,4.072905621183532,840000,0.0
1042,6311,4.072905621183532,860000,0.0
1043,6311,4.072905621183532,880000,0.0
1044,6311,4.072905621183532,900000,0.0
1045,6311,4.072905621183532,920000,0.0
1046,6311,4.072905621183532,940000,0.0
1047,6311,4.072905621183532,960000,0.0
1048,6311,4.072905621183532,980000,0.0
1049,6311,4.072905621183532,1000000,0.0
1050,6890,86.64335589204947,20000,0.5
1051,6890,86.64335589204947,40000,0.58
1052,6890,86.64335589204947,60000,0.78
1053,6890,86.64335589204947,80000,0.72
1054,6890,86.64335589204947,100000,0.54
1055,6890,86.64335589204947,120000,0.62
1056,6890,86.64335589204947,140000,0.68
1057,6890,86.64335589204947,160000,0.94
1058,6890,86.64335589204947,180000,0.8
1059,6890,86.64335589204947,200000,0.9
1060,6890,86.64335589204947,220000,0.78
1061,6890,86.64335589204947,240000,0.92
1062,6890,86.64335589204947,260000,0.68
1063,6890,86.64335589204947,280000,0.78
1064,6890,86.64335589204947,300000,0.9
1065,6890,86.64335589204947,320000,0.88
1066,6890,86.64335589204947,340000,0.88
1067,6890,86.64335589204947,360000,0.86
1068,6890,86.64335589204947,380000,0.9
1069,6890,86.64335589204947,400000,0.86
1070,6890,86.64335589204947,420000,0.9
1071,6890,86.64335589204947,440000,0.9
1072,6890,86.64335589204947,460000,0.88
1073,6890,86.64335589204947,480000,0.96
1074,6890,86.64335589204947,500000,0.96
1075,6890,86.64335589204947,520000,0.9
1076,6890,86.64335589204947,540000,0.94
1077,6890,86.64335589204947,560000,0.94
1078,6890,86.64335589204947,580000,0.94
1079,6890,86.64335589204947,600000,0.86
1080,6890,86.64335589204947,620000,0.9
1081,6890,86.64335589204947,640000,0.88
1082,6890,86.64335589204947,660000,0.94
1083,6890,86.64335589204947,680000,1.0
1084,6890,86.64335589204947,700000,0.96
1085,6890,86.64335589204947,720000,0.84
1086,6890,86.64335589204947,740000,0.92
1087,6890,86.64335589204947,760000,0.9
1088,6890,86.64335589204947,780000,0.94
1089,6890,86.64335589204947,800000,0.98
1090,6890,86.64335589204947,820000,0.94
1091,6890,86.64335589204947,840000,0.82
1092,6890,86.64335589204947,860000,0.84
1093,6890,86.64335589204947,880000,0.88
1094,6890,86.64335589204947,900000,0.86
1095,6890,86.64335589204947,920000,0.86
1096,6890,86.64335589204947,940000,0.88
1097,6890,86.64335589204947,960000,0.92
1098,6890,86.64335589204947,980000,0.92
1099,6890,86.64335589204947,1000000,0.94
1100,6890,63.81932012473597,20000,0.18
1101,6890,63.81932012473597,40000,0.6
1102,6890,63.81932012473597,60000,0.54
1103,6890,63.81932012473597,80000,0.54
1104,6890,63.81932012473597,100000,0.54
1105,6890,63.81932012473597,120000,0.48
1106,6890,63.81932012473597,140000,0.68
1107,6890,63.81932012473597,160000,0.86
1108,6890,63.81932012473597,180000,0.7
1109,6890,63.81932012473597,200000,0.78
1110,6890,63.81932012473597,220000,0.76
1111,6890,63.81932012473597,240000,0.84
1112,6890,63.81932012473597,260000,0.68
1113,6890,63.81932012473597,280000,0.74
1114,6890,63.81932012473597,300000,0.8
1115,6890,63.81932012473597,320000,0.68
1116,6890,63.81932012473597,340000,0.82
1117,6890,63.81932012473597,360000,0.88
1118,6890,63.81932012473597,380000,0.84
1119,6890,63.81932012473597,400000,0.76
1120,6890,63.81932012473597,420000,0.88
1121,6890,63.81932012473597,440000,0.8
1122,6890,63.81932012473597,460000,0.9
1123,6890,63.81932012473597,480000,0.9
1124,6890,63.81932012473597,500000,0.9
1125,6890,63.81932012473597,520000,0.94
1126,6890,63.81932012473597,540000,0.7
1127,6890,63.81932012473597,560000,0.76
1128,6890,63.81932012473597,580000,0.74
1129,6890,63.81932012473597,600000,0.58
1130,6890,63.81932012473597,620000,0.84
1131,6890,63.81932012473597,640000,0.62
1132,6890,63.81932012473597,660000,0.84
1133,6890,63.81932012473597,680000,0.9
1134,6890,63.81932012473597,700000,0.78
1135,6890,63.81932012473597,720000,0.8
1136,6890,63.81932012473597,740000,0.76
1137,6890,63.81932012473597,760000,0.76
1138,6890,63.81932012473597,780000,0.9
1139,6890,63.81932012473597,800000,0.84
1140,6890,63.81932012473597,820000,0.82
1141,6890,63.81932012473597,840000,0.84
1142,6890,63.81932012473597,860000,0.76
1143,6890,63.81932012473597,880000,0.8
1144,6890,63.81932012473597,900000,0.8
1145,6890,63.81932012473597,920000,0.68
1146,6890,63.81932012473597,940000,0.76
1147,6890,63.81932012473597,960000,0.84
1148,6890,63.81932012473597,980000,0.76
1149,6890,63.81932012473597,1000000,0.88
1150,6311,10.191864054745066,20000,0.0
1151,6311,10.191864054745066,40000,0.0
1152,6311,10.191864054745066,60000,0.0
1153,6311,10.191864054745066,80000,0.0
1154,6311,10.191864054745066,100000,0.0
1155,6311,10.191864054745066,120000,0.0
1156,6311,10.191864054745066,140000,0.0
1157,6311,10.191864054745066,160000,0.0
1158,6311,10.191864054745066,180000,0.0
1159,6311,10.191864054745066,200000,0.0
1160,6311,10.191864054745066,220000,0.0
1161,6311,10.191864054745066,240000,0.0
1162,6311,10.191864054745066,260000,0.0
1163,6311,10.191864054745066,280000,0.0
1164,6311,10.191864054745066,300000,0.0
1165,6311,10.191864054745066,320000,0.0
1166,6311,10.191864054745066,340000,0.0
1167,6311,10.191864054745066,360000,0.0
1168,6311,10.191864054745066,380000,0.0
1169,6311,10.191864054745066,400000,0.0
1170,6311,10.191864054745066,420000,0.0
1171,6311,10.191864054745066,440000,0.0
1172,6311,10.191864054745066,460000,0.06
1173,6311,10.191864054745066,480000,0.0
1174,6311,10.191864054745066,500000,0.0
1175,6311,10.191864054745066,520000,0.04
1176,6311,10.191864054745066,540000,0.02
1177,6311,10.191864054745066,560000,0.0
1178,6311,10.191864054745066,580000,0.0
1179,6311,10.191864054745066,600000,0.0
1180,6311,10.191864054745066,620000,0.0
1181,6311,10.191864054745066,640000,0.0
1182,6311,10.191864054745066,660000,0.0
1183,6311,10.191864054745066,680000,0.0
1184,6311,10.191864054745066,700000,0.0
1185,6311,10.191864054745066,720000,0.0
1186,6311,10.191864054745066,740000,0.0
1187,6311,10.191864054745066,760000,0.0
1188,6311,10.191864054745066,780000,0.0
1189,6311,10.191864054745066,800000,0.0
1190,6311,10.191864054745066,820000,0.0
1191,6311,10.191864054745066,840000,0.0
1192,6311,10.191864054745066,860000,0.0
1193,6311,10.191864054745066,880000,0.0
1194,6311,10.191864054745066,900000,0.0
1195,6311,10.191864054745066,920000,0.0
1196,6311,10.191864054745066,940000,0.0
1197,6311,10.191864054745066,960000,0.0
1198,6311,10.191864054745066,980000,0.0
1199,6311,10.191864054745066,1000000,0.0
1200,6890,47.007708545569656,20000,0.2
1201,6890,47.007708545569656,40000,0.26
1202,6890,47.007708545569656,60000,0.44
1203,6890,47.007708545569656,80000,0.4
1204,6890,47.007708545569656,100000,0.3
1205,6890,47.007708545569656,120000,0.4
1206,6890,47.007708545569656,140000,0.42
1207,6890,47.007708545569656,160000,0.8
1208,6890,47.007708545569656,180000,0.34
1209,6890,47.007708545569656,200000,0.46
1210,6890,47.007708545569656,220000,0.48
1211,6890,47.007708545569656,240000,0.54
1212,6890,47.007708545569656,260000,0.5
1213,6890,47.007708545569656,280000,0.64
1214,6890,47.007708545569656,300000,0.54
1215,6890,47.007708545569656,320000,0.5
1216,6890,47.007708545569656,340000,0.66
1217,6890,47.007708545569656,360000,0.7
1218,6890,47.007708545569656,380000,0.6
1219,6890,47.007708545569656,400000,0.56
1220,6890,47.007708545569656,420000,0.64
1221,6890,47.007708545569656,440000,0.68
1222,6890,47.007708545569656,460000,0.56
1223,6890,47.007708545569656,480000,0.62
1224,6890,47.007708545569656,500000,0.8
1225,6890,47.007708545569656,520000,0.66
1226,6890,47.007708545569656,540000,0.72
1227,6890,47.007708545569656,560000,0.56
1228,6890,47.007708545569656,580000,0.72
1229,6890,47.007708545569656,600000,0.72
1230,6890,47.007708545569656,620000,0.76
1231,6890,47.007708545569656,640000,0.7
1232,6890,47.007708545569656,660000,0.82
1233,6890,47.007708545569656,680000,0.88
1234,6890,47.007708545569656,700000,0.78
1235,6890,47.007708545569656,720000,0.7
1236,6890,47.007708545569656,740000,0.68
1237,6890,47.007708545569656,760000,0.68
1238,6890,47.007708545569656,780000,0.86
1239,6890,47.007708545569656,800000,0.82
1240,6890,47.007708545569656,820000,0.66
1241,6890,47.007708545569656,840000,0.56
1242,6890,47.007708545569656,860000,0.76
1243,6890,47.007708545569656,880000,0.74
1244,6890,47.007708545569656,900000,0.72
1245,6890,47.007708545569656,920000,0.72
1246,6890,47.007708545569656,940000,0.8
1247,6890,47.007708545569656,960000,0.74
1248,6890,47.007708545569656,980000,0.68
1249,6890,47.007708545569656,1000000,0.94
1250,6890,34.6246976368015,20000,0.04
1251,6890,34.6246976368015,40000,0.02
1252,6890,34.6246976368015,60000,0.34
1253,6890,34.6246976368015,80000,0.32
1254,6890,34.6246976368015,100000,0.14
1255,6890,34.6246976368015,120000,0.34
1256,6890,34.6246976368015,140000,0.54
1257,6890,34.6246976368015,160000,0.56
1258,6890,34.6246976368015,180000,0.26
1259,6890,34.6246976368015,200000,0.38
1260,6890,34.6246976368015,220000,0.36
1261,6890,34.6246976368015,240000,0.46
1262,6890,34.6246976368015,260000,0.38
1263,6890,34.6246976368015,280000,0.58
1264,6890,34.6246976368015,300000,0.54
1265,6890,34.6246976368015,320000,0.54
1266,6890,34.6246976368015,340000,0.62
1267,6890,34.6246976368015,360000,0.5
1268,6890,34.6246976368015,380000,0.42
1269,6890,34.6246976368015,400000,0.44
1270,6890,34.6246976368015,420000,0.62
1271,6890,34.6246976368015,440000,0.48
1272,6890,34.6246976368015,460000,0.56
1273,6890,34.6246976368015,480000,0.46
1274,6890,34.6246976368015,500000,0.68
1275,6890,34.6246976368015,520000,0.8
1276,6890,34.6246976368015,540000,0.62
1277,6890,34.6246976368015,560000,0.56
1278,6890,34.6246976368015,580000,0.58
1279,6890,34.6246976368015,600000,0.5
1280,6890,34.6246976368015,620000,0.72
1281,6890,34.6246976368015,640000,0.8
1282,6890,34.6246976368015,660000,0.66
1283,6890,34.6246976368015,680000,0.76
1284,6890,34.6246976368015,700000,0.54
1285,6890,34.6246976368015,720000,0.5
1286,6890,34.6246976368015,740000,0.58
1287,6890,34.6246976368015,760000,0.44
1288,6890,34.6246976368015,780000,0.76
1289,6890,34.6246976368015,800000,0.6
1290,6890,34.6246976368015,820000,0.62
1291,6890,34.6246976368015,840000,0.6
1292,6890,34.6246976368015,860000,0.58
1293,6890,34.6246976368015,880000,0.44
1294,6890,34.6246976368015,900000,0.64
1295,6890,34.6246976368015,920000,0.66
1296,6890,34.6246976368015,940000,0.5
1297,6890,34.6246976368015,960000,0.62
1298,6890,34.6246976368015,980000,0.62
1299,6890,34.6246976368015,1000000,0.64
1300,6890,294.35243483288787,20000,0.58
1301,6890,294.35243483288787,40000,0.84
1302,6890,294.35243483288787,60000,0.98
1303,6890,294.35243483288787,80000,0.82
1304,6890,294.35243483288787,100000,0.66
1305,6890,294.35243483288787,120000,0.84
1306,6890,294.35243483288787,140000,0.92
1307,6890,294.35243483288787,160000,0.98
1308,6890,294.35243483288787,180000,0.92
1309,6890,294.35243483288787,200000,0.98
1310,6890,294.35243483288787,220000,0.9
1311,6890,294.35243483288787,240000,1.0
1312,6890,294.35243483288787,260000,0.94
1313,6890,294.35243483288787,280000,0.92
1314,6890,294.35243483288787,300000,0.84
1315,6890,294.35243483288787,320000,0.86
1316,6890,294.35243483288787,340000,0.98
1317,6890,294.35243483288787,360000,1.0
1318,6890,294.35243483288787,380000,1.0
1319,6890,294.35243483288787,400000,1.0
1320,6890,294.35243483288787,420000,0.96
1321,6890,294.35243483288787,440000,1.0
1322,6890,294.35243483288787,460000,0.98
1323,6890,294.35243483288787,480000,1.0
1324,6890,294.35243483288787,500000,0.96
1325,6890,294.35243483288787,520000,1.0
1326,6890,294.35243483288787,540000,0.9
1327,6890,294.35243483288787,560000,1.0
1328,6890,294.35243483288787,580000,0.98
1329,6890,294.35243483288787,600000,0.98
1330,6890,294.35243483288787,620000,0.98
1331,6890,294.35243483288787,640000,1.0
1332,6890,294.35243483288787,660000,0.98
1333,6890,294.35243483288787,680000,1.0
1334,6890,294.35243483288787,700000,0.98
1335,6890,294.35243483288787,720000,0.94
1336,6890,294.35243483288787,740000,0.96
1337,6890,294.35243483288787,760000,1.0
1338,6890,294.35243483288787,780000,1.0
1339,6890,294.35243483288787,800000,1.0
1340,6890,294.35243483288787,820000,0.98
1341,6890,294.35243483288787,840000,0.98
1342,6890,294.35243483288787,860000,0.98
1343,6890,294.35243483288787,880000,0.96
1344,6890,294.35243483288787,900000,0.94
1345,6890,294.35243483288787,920000,1.0
1346,6890,294.35243483288787,940000,0.96
1347,6890,294.35243483288787,960000,0.96
1348,6890,294.35243483288787,980000,0.94
1349,6890,294.35243483288787,1000000,1.0
1350,6311,216.81261159252156,20000,0.46
1351,6311,216.81261159252156,40000,0.84
1352,6311,216.81261159252156,60000,0.82
1353,6311,216.81261159252156,80000,0.8
1354,6311,216.81261159252156,100000,0.76
1355,6311,216.81261159252156,120000,0.74
1356,6311,216.81261159252156,140000,1.0
1357,6311,216.81261159252156,160000,1.0
1358,6311,216.81261159252156,180000,0.98
1359,6311,216.81261159252156,200000,0.9
1360,6311,216.81261159252156,220000,0.96
1361,6311,216.81261159252156,240000,0.96
1362,6311,216.81261159252156,260000,0.92
1363,6311,216.81261159252156,280000,0.98
1364,6311,216.81261159252156,300000,0.94
1365,6311,216.81261159252156,320000,0.96
1366,6311,216.81261159252156,340000,0.94
1367,6311,216.81261159252156,360000,1.0
1368,6311,216.81261159252156,380000,0.96
1369,6311,216.81261159252156,400000,0.98
1370,6311,216.81261159252156,420000,0.92
1371,6311,216.81261159252156,440000,0.98
1372,6311,216.81261159252156,460000,0.94
1373,6311,216.81261159252156,480000,1.0
1374,6311,216.81261159252156,500000,1.0
1375,6311,216.81261159252156,520000,0.94
1376,6311,216.81261159252156,540000,0.98
1377,6311,216.81261159252156,560000,0.98
1378,6311,216.81261159252156,580000,0.98
1379,6311,216.81261159252156,600000,1.0
1380,6311,216.81261159252156,620000,0.94
1381,6311,216.81261159252156,640000,0.98
1382,6311,216.81261159252156,660000,0.96
1383,6311,216.81261159252156,680000,1.0
1384,6311,216.81261159252156,700000,0.98
1385,6311,216.81261159252156,720000,0.98
1386,6311,216.81261159252156,740000,1.0
1387,6311,216.81261159252156,760000,1.0
1388,6311,216.81261159252156,780000,1.0
1389,6311,216.81261159252156,800000,0.98
1390,6311,216.81261159252156,820000,0.98
1391,6311,216.81261159252156,840000,1.0
1392,6311,216.81261159252156,860000,0.92
1393,6311,216.81261159252156,880000,0.98
1394,6311,216.81261159252156,900000,1.0
1395,6311,216.81261159252156,920000,0.98
1396,6311,216.81261159252156,940000,1.0
1397,6311,216.81261159252156,960000,1.0
1398,6311,216.81261159252156,980000,0.88
1399,6311,216.81261159252156,1000000,1.0
1400,6311,7.5070711202363505,20000,0.0
1401,6311,7.5070711202363505,40000,0.0
1402,6311,7.5070711202363505,60000,0.0
1403,6311,7.5070711202363505,80000,0.0
1404,6311,7.5070711202363505,100000,0.0
1405,6311,7.5070711202363505,120000,0.0
1406,6311,7.5070711202363505,140000,0.0
1407,6311,7.5070711202363505,160000,0.0
1408,6311,7.5070711202363505,180000,0.0
1409,6311,7.5070711202363505,200000,0.0
1410,6311,7.5070711202363505,220000,0.0
1411,6311,7.5070711202363505,240000,0.0
1412,6311,7.5070711202363505,260000,0.0
1413,6311,7.5070711202363505,280000,0.0
1414,6311,7.5070711202363505,300000,0.0
1415,6311,7.5070711202363505,320000,0.0
1416,6311,7.5070711202363505,340000,0.0
1417,6311,7.5070711202363505,360000,0.0
1418,6311,7.5070711202363505,380000,0.0
1419,6311,7.5070711202363505,400000,0.0
1420,6311,7.5070711202363505,420000,0.0
1421,6311,7.5070711202363505,440000,0.0
1422,6311,7.5070711202363505,460000,0.0
1423,6311,7.5070711202363505,480000,0.0
1424,6311,7.5070711202363505,500000,0.0
1425,6311,7.5070711202363505,520000,0.0
1426,6311,7.5070711202363505,540000,0.0
1427,6311,7.5070711202363505,560000,0.0
1428,6311,7.5070711202363505,580000,0.0
1429,6311,7.5070711202363505,600000,0.0
1430,6311,7.5070711202363505,620000,0.0
1431,6311,7.5070711202363505,640000,0.0
1432,6311,7.5070711202363505,660000,0.0
1433,6311,7.5070711202363505,680000,0.0
1434,6311,7.5070711202363505,700000,0.0
1435,6311,7.5070711202363505,720000,0.0
1436,6311,7.5070711202363505,740000,0.0
1437,6311,7.5070711202363505,760000,0.0
1438,6311,7.5070711202363505,780000,0.0
1439,6311,7.5070711202363505,800000,0.0
1440,6311,7.5070711202363505,820000,0.0
1441,6311,7.5070711202363505,840000,0.0
1442,6311,7.5070711202363505,860000,0.0
1443,6311,7.5070711202363505,880000,0.0
1444,6311,7.5070711202363505,900000,0.0
1445,6311,7.5070711202363505,920000,0.0
1446,6311,7.5070711202363505,940000,0.0
1447,6311,7.5070711202363505,960000,0.0
1448,6311,7.5070711202363505,980000,0.0
1449,6311,7.5070711202363505,1000000,0.0
1450,6311,736.574887568408,20000,0.24
1451,6311,736.574887568408,40000,0.68
1452,6311,736.574887568408,60000,0.92
1453,6311,736.574887568408,80000,0.9
1454,6311,736.574887568408,100000,0.8
1455,6311,736.574887568408,120000,0.48
1456,6311,736.574887568408,140000,0.94
1457,6311,736.574887568408,160000,0.98
1458,6311,736.574887568408,180000,0.96
1459,6311,736.574887568408,200000,0.94
1460,6311,736.574887568408,220000,0.96
1461,6311,736.574887568408,240000,0.8
1462,6311,736.574887568408,260000,0.88
1463,6311,736.574887568408,280000,0.92
1464,6311,736.574887568408,300000,0.9
1465,6311,736.574887568408,320000,1.0
1466,6311,736.574887568408,340000,0.78
1467,6311,736.574887568408,360000,1.0
1468,6311,736.574887568408,380000,0.96
1469,6311,736.574887568408,400000,0.9
1470,6311,736.574887568408,420000,0.94
1471,6311,736.574887568408,440000,1.0
1472,6311,736.574887568408,460000,0.9
1473,6311,736.574887568408,480000,0.96
1474,6311,736.574887568408,500000,0.9
1475,6311,736.574887568408,520000,0.94
1476,6311,736.574887568408,540000,0.96
1477,6311,736.574887568408,560000,1.0
1478,6311,736.574887568408,580000,0.92
1479,6311,736.574887568408,600000,1.0
1480,6311,736.574887568408,620000,1.0
1481,6311,736.574887568408,640000,1.0
1482,6311,736.574887568408,660000,0.94
1483,6311,736.574887568408,680000,1.0
1484,6311,736.574887568408,700000,1.0
1485,6311,736.574887568408,720000,0.86
1486,6311,736.574887568408,740000,0.96
1487,6311,736.574887568408,760000,0.98
1488,6311,736.574887568408,780000,0.9
1489,6311,736.574887568408,800000,0.98
1490,6311,736.574887568408,820000,0.94
1491,6311,736.574887568408,840000,0.98
1492,6311,736.574887568408,860000,0.96
1493,6311,736.574887568408,880000,0.84
1494,6311,736.574887568408,900000,1.0
1495,6311,736.574887568408,920000,1.0
1496,6311,736.574887568408,940000,0.98
1497,6311,736.574887568408,960000,0.86
1498,6311,736.574887568408,980000,0.84
1499,6311,736.574887568408,1000000,0.98
1500,6890,4.072905621183532,20000,0.0
1501,6890,4.072905621183532,40000,0.0
1502,6890,4.072905621183532,60000,0.0
1503,6890,4.072905621183532,80000,0.0
1504,6890,4.072905621183532,100000,0.0
1505,6890,4.072905621183532,120000,0.0
1506,6890,4.072905621183532,140000,0.0
1507,6890,4.072905621183532,160000,0.0
1508,6890,4.072905621183532,180000,0.0
1509,6890,4.072905621183532,200000,0.0
1510,6890,4.072905621183532,220000,0.0
1511,6890,4.072905621183532,240000,0.0
1512,6890,4.072905621183532,260000,0.0
1513,6890,4.072905621183532,280000,0.0
1514,6890,4.072905621183532,300000,0.0
1515,6890,4.072905621183532,320000,0.0
1516,6890,4.072905621183532,340000,0.0
1517,6890,4.072905621183532,360000,0.0
1518,6890,4.072905621183532,380000,0.0
1519,6890,4.072905621183532,400000,0.0
1520,6890,4.072905621183532,420000,0.0
1521,6890,4.072905621183532,440000,0.0
1522,6890,4.072905621183532,460000,0.0
1523,6890,4.072905621183532,480000,0.0
1524,6890,4.072905621183532,500000,0.0
1525,6890,4.072905621183532,520000,0.0
1526,6890,4.072905621183532,540000,0.0
1527,6890,4.072905621183532,560000,0.0
1528,6890,4.072905621183532,580000,0.0
1529,6890,4.072905621183532,600000,0.0
1530,6890,4.072905621183532,620000,0.0
1531,6890,4.072905621183532,640000,0.0
1532,6890,4.072905621183532,660000,0.0
1533,6890,4.072905621183532,680000,0.0
1534,6890,4.072905621183532,700000,0.0
1535,6890,4.072905621183532,720000,0.0
1536,6890,4.072905621183532,740000,0.0
1537,6890,4.072905621183532,760000,0.0
1538,6890,4.072905621183532,780000,0.0
1539,6890,4.072905621183532,800000,0.0
1540,6890,4.072905621183532,820000,0.0
1541,6890,4.072905621183532,840000,0.0
1542,6890,4.072905621183532,860000,0.0
1543,6890,4.072905621183532,880000,0.0
1544,6890,4.072905621183532,900000,0.0
1545,6890,4.072905621183532,920000,0.0
1546,6890,4.072905621183532,940000,0.0
1547,6890,4.072905621183532,960000,0.0
1548,6890,4.072905621183532,980000,0.0
1549,6890,4.072905621183532,1000000,0.0
1550,6890,5.529520066356138,20000,0.0
1551,6890,5.529520066356138,40000,0.0
1552,6890,5.529520066356138,60000,0.0
1553,6890,5.529520066356138,80000,0.0
1554,6890,5.529520066356138,100000,0.0
1555,6890,5.529520066356138,120000,0.0
1556,6890,5.529520066356138,140000,0.0
1557,6890,5.529520066356138,160000,0.0
1558,6890,5.529520066356138,180000,0.0
1559,6890,5.529520066356138,200000,0.0
1560,6890,5.529520066356138,220000,0.0
1561,6890,5.529520066356138,240000,0.0
1562,6890,5.529520066356138,260000,0.0
1563,6890,5.529520066356138,280000,0.0
1564,6890,5.529520066356138,300000,0.0
1565,6890,5.529520066356138,320000,0.0
1566,6890,5.529520066356138,340000,0.0
1567,6890,5.529520066356138,360000,0.0
1568,6890,5.529520066356138,380000,0.0
1569,6890,5.529520066356138,400000,0.0
1570,6890,5.529520066356138,420000,0.0
1571,6890,5.529520066356138,440000,0.0
1572,6890,5.529520066356138,460000,0.0
1573,6890,5.529520066356138,480000,0.0
1574,6890,5.529520066356138,500000,0.0
1575,6890,5.529520066356138,520000,0.0
1576,6890,5.529520066356138,540000,0.0
1577,6890,5.529520066356138,560000,0.0
1578,6890,5.529520066356138,580000,0.0
1579,6890,5.529520066356138,600000,0.0
1580,6890,5.529520066356138,620000,0.0
1581,6890,5.529520066356138,640000,0.0
1582,6890,5.529520066356138,660000,0.0
1583,6890,5.529520066356138,680000,0.0
1584,6890,5.529520066356138,700000,0.0
1585,6890,5.529520066356138,720000,0.0
1586,6890,5.529520066356138,740000,0.0
1587,6890,5.529520066356138,760000,0.0
1588,6890,5.529520066356138,780000,0.0
1589,6890,5.529520066356138,800000,0.0
1590,6890,5.529520066356138,820000,0.0
1591,6890,5.529520066356138,840000,0.02
1592,6890,5.529520066356138,860000,0.0
1593,6890,5.529520066356138,880000,0.0
1594,6890,5.529520066356138,900000,0.0
1595,6890,5.529520066356138,920000,0.0
1596,6890,5.529520066356138,940000,0.0
1597,6890,5.529520066356138,960000,0.0
1598,6890,5.529520066356138,980000,0.0
1599,6890,5.529520066356138,1000000,0.0
1600,6890,216.81261159252156,20000,0.5
1601,6890,216.81261159252156,40000,0.88
1602,6890,216.81261159252156,60000,0.9
1603,6890,216.81261159252156,80000,0.88
1604,6890,216.81261159252156,100000,0.7
1605,6890,216.81261159252156,120000,0.88
1606,6890,216.81261159252156,140000,0.88
1607,6890,216.81261159252156,160000,0.98
1608,6890,216.81261159252156,180000,0.92
1609,6890,216.81261159252156,200000,0.94
1610,6890,216.81261159252156,220000,0.96
1611,6890,216.81261159252156,240000,1.0
1612,6890,216.81261159252156,260000,0.92
1613,6890,216.81261159252156,280000,0.96
1614,6890,216.81261159252156,300000,1.0
1615,6890,216.81261159252156,320000,0.92
1616,6890,216.81261159252156,340000,0.98
1617,6890,216.81261159252156,360000,0.96
1618,6890,216.81261159252156,380000,1.0
1619,6890,216.81261159252156,400000,0.96
1620,6890,216.81261159252156,420000,0.94
1621,6890,216.81261159252156,440000,0.94
1622,6890,216.81261159252156,460000,0.96
1623,6890,216.81261159252156,480000,0.98
1624,6890,216.81261159252156,500000,0.94
1625,6890,216.81261159252156,520000,0.96
1626,6890,216.81261159252156,540000,0.8
1627,6890,216.81261159252156,560000,0.98
1628,6890,216.81261159252156,580000,1.0
1629,6890,216.81261159252156,600000,0.96
1630,6890,216.81261159252156,620000,1.0
1631,6890,216.81261159252156,640000,0.94
1632,6890,216.81261159252156,660000,0.94
1633,6890,216.81261159252156,680000,1.0
1634,6890,216.81261159252156,700000,1.0
1635,6890,216.81261159252156,720000,0.98
1636,6890,216.81261159252156,740000,0.98
1637,6890,216.81261159252156,760000,0.94
1638,6890,216.81261159252156,780000,0.98
1639,6890,216.81261159252156,800000,0.94
1640,6890,216.81261159252156,820000,0.98
1641,6890,216.81261159252156,840000,0.98
1642,6890,216.81261159252156,860000,0.94
1643,6890,216.81261159252156,880000,0.96
1644,6890,216.81261159252156,900000,0.96
1645,6890,216.81261159252156,920000,1.0
1646,6890,216.81261159252156,940000,0.98
1647,6890,216.81261159252156,960000,0.98
1648,6890,216.81261159252156,980000,0.94
1649,6890,216.81261159252156,1000000,1.0
1650,6890,542.5425649964135,20000,0.3
1651,6890,542.5425649964135,40000,0.98
1652,6890,542.5425649964135,60000,0.96
1653,6890,542.5425649964135,80000,0.82
1654,6890,542.5425649964135,100000,0.78
1655,6890,542.5425649964135,120000,0.88
1656,6890,542.5425649964135,140000,0.88
1657,6890,542.5425649964135,160000,0.96
1658,6890,542.5425649964135,180000,0.98
1659,6890,542.5425649964135,200000,0.96
1660,6890,542.5425649964135,220000,0.78
1661,6890,542.5425649964135,240000,0.96
1662,6890,542.5425649964135,260000,0.92
1663,6890,542.5425649964135,280000,0.98
1664,6890,542.5425649964135,300000,0.98
1665,6890,542.5425649964135,320000,0.98
1666,6890,542.5425649964135,340000,0.94
1667,6890,542.5425649964135,360000,1.0
1668,6890,542.5425649964135,380000,1.0
1669,6890,542.5425649964135,400000,1.0
1670,6890,542.5425649964135,420000,0.98
1671,6890,542.5425649964135,440000,0.98
1672,6890,542.5425649964135,460000,0.96
1673,6890,542.5425649964135,480000,0.92
1674,6890,542.5425649964135,500000,0.94
1675,6890,542.5425649964135,520000,1.0
1676,6890,542.5425649964135,540000,0.98
1677,6890,542.5425649964135,560000,1.0
1678,6890,542.5425649964135,580000,0.96
1679,6890,542.5425649964135,600000,0.98
1680,6890,542.5425649964135,620000,0.98
1681,6890,542.5425649964135,640000,0.98
1682,6890,542.5425649964135,660000,1.0
1683,6890,542.5425649964135,680000,1.0
1684,6890,542.5425649964135,700000,0.98
1685,6890,542.5425649964135,720000,0.96
1686,6890,542.5425649964135,740000,1.0
1687,6890,542.5425649964135,760000,1.0
1688,6890,542.5425649964135,780000,0.94
1689,6890,542.5425649964135,800000,0.98
1690,6890,542.5425649964135,820000,1.0
1691,6890,542.5425649964135,840000,0.98
1692,6890,542.5425649964135,860000,0.98
1693,6890,542.5425649964135,880000,0.9
1694,6890,542.5425649964135,900000,0.92
1695,6890,542.5425649964135,920000,0.96
1696,6890,542.5425649964135,940000,0.98
1697,6890,542.5425649964135,960000,0.94
1698,6890,542.5425649964135,980000,0.88
1699,6890,542.5425649964135,1000000,0.94
1700,6890,25.503682768917216,20000,0.0
1701,6890,25.503682768917216,40000,0.0
1702,6890,25.503682768917216,60000,0.04
1703,6890,25.503682768917216,80000,0.04
1704,6890,25.503682768917216,100000,0.02
1705,6890,25.503682768917216,120000,0.08
1706,6890,25.503682768917216,140000,0.24
1707,6890,25.503682768917216,160000,0.44
1708,6890,25.503682768917216,180000,0.16
1709,6890,25.503682768917216,200000,0.24
1710,6890,25.503682768917216,220000,0.24
1711,6890,25.503682768917216,240000,0.28
1712,6890,25.503682768917216,260000,0.32
1713,6890,25.503682768917216,280000,0.4
1714,6890,25.503682768917216,300000,0.28
1715,6890,25.503682768917216,320000,0.32
1716,6890,25.503682768917216,340000,0.42
1717,6890,25.503682768917216,360000,0.26
1718,6890,25.503682768917216,380000,0.14
1719,6890,25.503682768917216,400000,0.36
1720,6890,25.503682768917216,420000,0.36
1721,6890,25.503682768917216,440000,0.2
1722,6890,25.503682768917216,460000,0.46
1723,6890,25.503682768917216,480000,0.4
1724,6890,25.503682768917216,500000,0.52
1725,6890,25.503682768917216,520000,0.6
1726,6890,25.503682768917216,540000,0.3
1727,6890,25.503682768917216,560000,0.46
1728,6890,25.503682768917216,580000,0.6
1729,6890,25.503682768917216,600000,0.32
1730,6890,25.503682768917216,620000,0.4
1731,6890,25.503682768917216,640000,0.48
1732,6890,25.503682768917216,660000,0.64
1733,6890,25.503682768917216,680000,0.4
1734,6890,25.503682768917216,700000,0.46
1735,6890,25.503682768917216,720000,0.56
1736,6890,25.503682768917216,740000,0.36
1737,6890,25.503682768917216,760000,0.64
1738,6890,25.503682768917216,780000,0.68
1739,6890,25.503682768917216,800000,0.46
1740,6890,25.503682768917216,820000,0.44
1741,6890,25.503682768917216,840000,0.56
1742,6890,25.503682768917216,860000,0.4
1743,6890,25.503682768917216,880000,0.58
1744,6890,25.503682768917216,900000,0.3
1745,6890,25.503682768917216,920000,0.52
1746,6890,25.503682768917216,940000,0.5
1747,6890,25.503682768917216,960000,0.56
1748,6890,25.503682768917216,980000,0.58
1749,6890,25.503682768917216,1000000,0.4
1750,6311,159.69872500717466,20000,0.36
1751,6311,159.69872500717466,40000,0.7
1752,6311,159.69872500717466,60000,0.8
1753,6311,159.69872500717466,80000,0.88
1754,6311,159.69872500717466,100000,0.76
1755,6311,159.69872500717466,120000,0.84
1756,6311,159.69872500717466,140000,0.86
1757,6311,159.69872500717466,160000,0.88
1758,6311,159.69872500717466,180000,0.86
1759,6311,159.69872500717466,200000,0.98
1760,6311,159.69872500717466,220000,0.92
1761,6311,159.69872500717466,240000,0.9
1762,6311,159.69872500717466,260000,0.96
1763,6311,159.69872500717466,280000,0.9
1764,6311,159.69872500717466,300000,0.96
1765,6311,159.69872500717466,320000,0.92
1766,6311,159.69872500717466,340000,0.94
1767,6311,159.69872500717466,360000,0.98
1768,6311,159.69872500717466,380000,0.98
1769,6311,159.69872500717466,400000,0.78
1770,6311,159.69872500717466,420000,0.82
1771,6311,159.69872500717466,440000,0.98
1772,6311,159.69872500717466,460000,0.96
1773,6311,159.69872500717466,480000,0.98
1774,6311,159.69872500717466,500000,1.0
1775,6311,159.69872500717466,520000,1.0
1776,6311,159.69872500717466,540000,1.0
1777,6311,159.69872500717466,560000,1.0
1778,6311,159.69872500717466,580000,1.0
1779,6311,159.69872500717466,600000,0.96
1780,6311,159.69872500717466,620000,0.98
1781,6311,159.69872500717466,640000,1.0
1782,6311,159.69872500717466,660000,0.98
1783,6311,159.69872500717466,680000,0.98
1784,6311,159.69872500717466,700000,1.0
1785,6311,159.69872500717466,720000,0.96
1786,6311,159.69872500717466,740000,0.94
1787,6311,159.69872500717466,760000,0.98
1788,6311,159.69872500717466,780000,0.96
1789,6311,159.69872500717466,800000,0.96
1790,6311,159.69872500717466,820000,0.96
1791,6311,159.69872500717466,840000,0.94
1792,6311,159.69872500717466,860000,0.94
1793,6311,159.69872500717466,880000,1.0
1794,6311,159.69872500717466,900000,0.96
1795,6311,159.69872500717466,920000,0.96
1796,6311,159.69872500717466,940000,0.96
1797,6311,159.69872500717466,960000,1.0
1798,6311,159.69872500717466,980000,0.92
1799,6311,159.69872500717466,1000000,0.96
1800,6890,736.574887568408,20000,0.12
1801,6890,736.574887568408,40000,0.96
1802,6890,736.574887568408,60000,0.92
1803,6890,736.574887568408,80000,0.8
1804,6890,736.574887568408,100000,0.9
1805,6890,736.574887568408,120000,0.84
1806,6890,736.574887568408,140000,0.9
1807,6890,736.574887568408,160000,0.98
1808,6890,736.574887568408,180000,0.92
1809,6890,736.574887568408,200000,0.96
1810,6890,736.574887568408,220000,0.76
1811,6890,736.574887568408,240000,0.94
1812,6890,736.574887568408,260000,0.86
1813,6890,736.574887568408,280000,0.94
1814,6890,736.574887568408,300000,0.86
1815,6890,736.574887568408,320000,1.0
1816,6890,736.574887568408,340000,0.92
1817,6890,736.574887568408,360000,0.98
1818,6890,736.574887568408,380000,1.0
1819,6890,736.574887568408,400000,0.94
1820,6890,736.574887568408,420000,0.96
1821,6890,736.574887568408,440000,0.94
1822,6890,736.574887568408,460000,0.94
1823,6890,736.574887568408,480000,0.98
1824,6890,736.574887568408,500000,0.9
1825,6890,736.574887568408,520000,0.98
1826,6890,736.574887568408,540000,1.0
1827,6890,736.574887568408,560000,0.98
1828,6890,736.574887568408,580000,0.98
1829,6890,736.574887568408,600000,0.98
1830,6890,736.574887568408,620000,1.0
1831,6890,736.574887568408,640000,1.0
1832,6890,736.574887568408,660000,0.96
1833,6890,736.574887568408,680000,0.98
1834,6890,736.574887568408,700000,1.0
1835,6890,736.574887568408,720000,0.86
1836,6890,736.574887568408,740000,1.0
1837,6890,736.574887568408,760000,0.98
1838,6890,736.574887568408,780000,0.94
1839,6890,736.574887568408,800000,1.0
1840,6890,736.574887568408,820000,1.0
1841,6890,736.574887568408,840000,1.0
1842,6890,736.574887568408,860000,0.98
1843,6890,736.574887568408,880000,0.82
1844,6890,736.574887568408,900000,0.96
1845,6890,736.574887568408,920000,0.96
1846,6890,736.574887568408,940000,0.98
1847,6890,736.574887568408,960000,0.78
1848,6890,736.574887568408,980000,0.98
1849,6890,736.574887568408,1000000,0.92
1850,6890,399.6232288133094,20000,0.72
1851,6890,399.6232288133094,40000,0.82
1852,6890,399.6232288133094,60000,0.98
1853,6890,399.6232288133094,80000,0.84
1854,6890,399.6232288133094,100000,0.9
1855,6890,399.6232288133094,120000,0.86
1856,6890,399.6232288133094,140000,0.96
1857,6890,399.6232288133094,160000,0.96
1858,6890,399.6232288133094,180000,0.9
1859,6890,399.6232288133094,200000,0.96
1860,6890,399.6232288133094,220000,0.86
1861,6890,399.6232288133094,240000,0.92
1862,6890,399.6232288133094,260000,0.94
1863,6890,399.6232288133094,280000,0.98
1864,6890,399.6232288133094,300000,0.98
1865,6890,399.6232288133094,320000,0.94
1866,6890,399.6232288133094,340000,1.0
1867,6890,399.6232288133094,360000,1.0
1868,6890,399.6232288133094,380000,1.0
1869,6890,399.6232288133094,400000,0.94
1870,6890,399.6232288133094,420000,1.0
1871,6890,399.6232288133094,440000,0.98
1872,6890,399.6232288133094,460000,0.98
1873,6890,399.6232288133094,480000,1.0
1874,6890,399.6232288133094,500000,0.9
1875,6890,399.6232288133094,520000,0.98
1876,6890,399.6232288133094,540000,0.94
1877,6890,399.6232288133094,560000,0.98
1878,6890,399.6232288133094,580000,1.0
1879,6890,399.6232288133094,600000,1.0
1880,6890,399.6232288133094,620000,1.0
1881,6890,399.6232288133094,640000,1.0
1882,6890,399.6232288133094,660000,1.0
1883,6890,399.6232288133094,680000,0.98
1884,6890,399.6232288133094,700000,1.0
1885,6890,399.6232288133094,720000,0.94
1886,6890,399.6232288133094,740000,0.98
1887,6890,399.6232288133094,760000,0.98
1888,6890,399.6232288133094,780000,0.96
1889,6890,399.6232288133094,800000,0.98
1890,6890,399.6232288133094,820000,1.0
1891,6890,399.6232288133094,840000,1.0
1892,6890,399.6232288133094,860000,0.96
1893,6890,399.6232288133094,880000,0.94
1894,6890,399.6232288133094,900000,0.94
1895,6890,399.6232288133094,920000,0.96
1896,6890,399.6232288133094,940000,1.0
1897,6890,399.6232288133094,960000,0.94
1898,6890,399.6232288133094,980000,1.0
1899,6890,399.6232288133094,1000000,0.98
1900,6311,542.5425649964135,20000,0.4
1901,6311,542.5425649964135,40000,0.76
1902,6311,542.5425649964135,60000,0.96
1903,6311,542.5425649964135,80000,1.0
1904,6311,542.5425649964135,100000,0.9
1905,6311,542.5425649964135,120000,0.74
1906,6311,542.5425649964135,140000,0.98
1907,6311,542.5425649964135,160000,0.92
1908,6311,542.5425649964135,180000,0.84
1909,6311,542.5425649964135,200000,0.86
1910,6311,542.5425649964135,220000,0.98
1911,6311,542.5425649964135,240000,0.88
1912,6311,542.5425649964135,260000,0.9
1913,6311,542.5425649964135,280000,0.9
1914,6311,542.5425649964135,300000,0.96
1915,6311,542.5425649964135,320000,1.0
1916,6311,542.5425649964135,340000,0.92
1917,6311,542.5425649964135,360000,1.0
1918,6311,542.5425649964135,380000,1.0
1919,6311,542.5425649964135,400000,0.9
1920,6311,542.5425649964135,420000,1.0
1921,6311,542.5425649964135,440000,1.0
1922,6311,542.5425649964135,460000,0.92
1923,6311,542.5425649964135,480000,1.0
1924,6311,542.5425649964135,500000,0.98
1925,6311,542.5425649964135,520000,0.98
1926,6311,542.5425649964135,540000,1.0
1927,6311,542.5425649964135,560000,0.96
1928,6311,542.5425649964135,580000,0.86
1929,6311,542.5425649964135,600000,1.0
1930,6311,542.5425649964135,620000,0.96
1931,6311,542.5425649964135,640000,0.96
1932,6311,542.5425649964135,660000,0.92
1933,6311,542.5425649964135,680000,1.0
1934,6311,542.5425649964135,700000,1.0
1935,6311,542.5425649964135,720000,1.0
1936,6311,542.5425649964135,740000,0.92
1937,6311,542.5425649964135,760000,1.0
1938,6311,542.5425649964135,780000,0.96
1939,6311,542.5425649964135,800000,1.0
1940,6311,542.5425649964135,820000,0.98
1941,6311,542.5425649964135,840000,0.98
1942,6311,542.5425649964135,860000,0.92
1943,6311,542.5425649964135,880000,0.94
1944,6311,542.5425649964135,900000,1.0
1945,6311,542.5425649964135,920000,1.0
1946,6311,542.5425649964135,940000,0.98
1947,6311,542.5425649964135,960000,0.98
1948,6311,542.5425649964135,980000,0.88
1949,6311,542.5425649964135,1000000,1.0
1950,6311,34.6246976368015,20000,0.06
1951,6311,34.6246976368015,40000,0.0
1952,6311,34.6246976368015,60000,0.06
1953,6311,34.6246976368015,80000,0.36
1954,6311,34.6246976368015,100000,0.12
1955,6311,34.6246976368015,120000,0.28
1956,6311,34.6246976368015,140000,0.04
1957,6311,34.6246976368015,160000,0.06
1958,6311,34.6246976368015,180000,0.02
1959,6311,34.6246976368015,200000,0.08
1960,6311,34.6246976368015,220000,0.1
1961,6311,34.6246976368015,240000,0.2
1962,6311,34.6246976368015,260000,0.16
1963,6311,34.6246976368015,280000,0.46
1964,6311,34.6246976368015,300000,0.34
1965,6311,34.6246976368015,320000,0.3
1966,6311,34.6246976368015,340000,0.32
1967,6311,34.6246976368015,360000,0.12
1968,6311,34.6246976368015,380000,0.24
1969,6311,34.6246976368015,400000,0.22
1970,6311,34.6246976368015,420000,0.16
1971,6311,34.6246976368015,440000,0.44
1972,6311,34.6246976368015,460000,0.3
1973,6311,34.6246976368015,480000,0.22
1974,6311,34.6246976368015,500000,0.16
1975,6311,34.6246976368015,520000,0.52
1976,6311,34.6246976368015,540000,0.36
1977,6311,34.6246976368015,560000,0.66
1978,6311,34.6246976368015,580000,0.72
1979,6311,34.6246976368015,600000,0.12
1980,6311,34.6246976368015,620000,0.44
1981,6311,34.6246976368015,640000,0.56
1982,6311,34.6246976368015,660000,0.56
1983,6311,34.6246976368015,680000,0.58
1984,6311,34.6246976368015,700000,0.44
1985,6311,34.6246976368015,720000,0.38
1986,6311,34.6246976368015,740000,0.42
1987,6311,34.6246976368015,760000,0.64
1988,6311,34.6246976368015,780000,0.64
1989,6311,34.6246976368015,800000,0.7
1990,6311,34.6246976368015,820000,0.66
1991,6311,34.6246976368015,840000,0.72
1992,6311,34.6246976368015,860000,0.7
1993,6311,34.6246976368015,880000,0.58
1994,6311,34.6246976368015,900000,0.6
1995,6311,34.6246976368015,920000,0.52
1996,6311,34.6246976368015,940000,0.66
1997,6311,34.6246976368015,960000,0.82
1998,6311,34.6246976368015,980000,0.7
1999,6311,34.6246976368015,1000000,0.76
